{
    "$schema": "https://schema.management.azure.com/schemas/2015-01-01/deploymentParameters.json#",
    "contentVersion": "1.0.0.0",
    "parameters": {
        "virtualNetworks_msdocs_vNet_132753213_name": {
            "value": null
        },
        "networkInterfaces_msdocs_nic_sql_132753213_name": {
            "value": null
        },
        "networkInterfaces_msdocs_nic_web_132753213_name": {
            "value": null
        },
        "publicIPAddresses_msdocs_public_ip_sql_132753213_name": {
            "value": null
        },
        "publicIPAddresses_msdocs_public_ip_web_132753213_name": {
            "value": null
        },
        "networkSecurityGroups_msdocs_nsg_backend_132753213_name": {
            "value": null
        },
        "networkSecurityGroups_msdocs_nsg_frontend_132753213_name": {
            "value": null
        },
        "disks_msdocs_vm_sql132753213_OsDisk_1_6f291c493a2947089af00f372454bc9c_name": {
            "value": null
        },
        "disks_msdocs_vm_web132753213_OsDisk_1_29a97d2be0e14842bc4bbd1b9d59feba_name": {
            "value": null
        }
    }
}