{
    "$schema": "https://schema.management.azure.com/schemas/2019-04-01/deploymentTemplate.json#",
    "contentVersion": "1.0.0.0",
    "parameters": {
        "virtualNetworks_msdocs_vNet_132753213_name": {
            "defaultValue": "msdocs-vNet-132753213",
            "type": "String"
        },
        "networkInterfaces_msdocs_nic_sql_132753213_name": {
            "defaultValue": "msdocs-nic-sql-132753213",
            "type": "String"
        },
        "networkInterfaces_msdocs_nic_web_132753213_name": {
            "defaultValue": "msdocs-nic-web-132753213",
            "type": "String"
        },
        "publicIPAddresses_msdocs_public_ip_sql_132753213_name": {
            "defaultValue": "msdocs-public-ip-sql-132753213",
            "type": "String"
        },
        "publicIPAddresses_msdocs_public_ip_web_132753213_name": {
            "defaultValue": "msdocs-public-ip-web-132753213",
            "type": "String"
        },
        "networkSecurityGroups_msdocs_nsg_backend_132753213_name": {
            "defaultValue": "msdocs-nsg-backend-132753213",
            "type": "String"
        },
        "networkSecurityGroups_msdocs_nsg_frontend_132753213_name": {
            "defaultValue": "msdocs-nsg-frontend-132753213",
            "type": "String"
        },
        "disks_msdocs_vm_sql132753213_OsDisk_1_6f291c493a2947089af00f372454bc9c_name": {
            "defaultValue": "msdocs-vm-sql132753213_OsDisk_1_6f291c493a2947089af00f372454bc9c",
            "type": "String"
        },
        "disks_msdocs_vm_web132753213_OsDisk_1_29a97d2be0e14842bc4bbd1b9d59feba_name": {
            "defaultValue": "msdocs-vm-web132753213_OsDisk_1_29a97d2be0e14842bc4bbd1b9d59feba",
            "type": "String"
        }
    },
    "variables": {},
    "resources": [
        {
            "type": "Microsoft.Compute/disks",
            "apiVersion": "2022-07-02",
            "name": "[parameters('disks_msdocs_vm_sql132753213_OsDisk_1_6f291c493a2947089af00f372454bc9c_name')]",
            "location": "westeurope",
            "sku": {
                "name": "Premium_LRS",
                "tier": "Premium"
            },
            "properties": {
                "osType": "Linux",
                "hyperVGeneration": "V1",
                "supportsHibernation": true,
                "supportedCapabilities": {
                    "acceleratedNetwork": true,
                    "architecture": "x64"
                },
                "creationData": {
                    "createOption": "FromImage",
                    "imageReference": {
                        "id": "/Subscriptions/41896939-6760-4fbc-aa50-c5dde7e96f05/Providers/Microsoft.Compute/Locations/westeurope/Publishers/Canonical/ArtifactTypes/VMImage/Offers/UbuntuServer/Skus/18.04-LTS/Versions/18.04.202305010"
                    }
                },
                "diskSizeGB": 30,
                "diskIOPSReadWrite": 120,
                "diskMBpsReadWrite": 25,
                "encryption": {
                    "type": "EncryptionAtRestWithPlatformKey"
                },
                "networkAccessPolicy": "AllowAll",
                "publicNetworkAccess": "Enabled",
                "diskState": "Unattached",
                "tier": "P4"
            }
        },
        {
            "type": "Microsoft.Compute/disks",
            "apiVersion": "2022-07-02",
            "name": "[parameters('disks_msdocs_vm_web132753213_OsDisk_1_29a97d2be0e14842bc4bbd1b9d59feba_name')]",
            "location": "westeurope",
            "sku": {
                "name": "Premium_LRS",
                "tier": "Premium"
            },
            "properties": {
                "osType": "Linux",
                "hyperVGeneration": "V1",
                "supportsHibernation": true,
                "supportedCapabilities": {
                    "acceleratedNetwork": true,
                    "architecture": "x64"
                },
                "creationData": {
                    "createOption": "FromImage",
                    "imageReference": {
                        "id": "/Subscriptions/41896939-6760-4fbc-aa50-c5dde7e96f05/Providers/Microsoft.Compute/Locations/westeurope/Publishers/Canonical/ArtifactTypes/VMImage/Offers/UbuntuServer/Skus/18.04-LTS/Versions/18.04.202305010"
                    }
                },
                "diskSizeGB": 30,
                "diskIOPSReadWrite": 120,
                "diskMBpsReadWrite": 25,
                "encryption": {
                    "type": "EncryptionAtRestWithPlatformKey"
                },
                "networkAccessPolicy": "AllowAll",
                "publicNetworkAccess": "Enabled",
                "diskState": "Unattached",
                "tier": "P4"
            }
        },
        {
            "type": "Microsoft.Network/publicIPAddresses",
            "apiVersion": "2022-09-01",
            "name": "[parameters('publicIPAddresses_msdocs_public_ip_sql_132753213_name')]",
            "location": "westeurope",
            "sku": {
                "name": "Basic",
                "tier": "Regional"
            },
            "properties": {
                "publicIPAddressVersion": "IPv4",
                "publicIPAllocationMethod": "Dynamic",
                "idleTimeoutInMinutes": 4,
                "ipTags": []
            }
        },
        {
            "type": "Microsoft.Network/publicIPAddresses",
            "apiVersion": "2022-09-01",
            "name": "[parameters('publicIPAddresses_msdocs_public_ip_web_132753213_name')]",
            "location": "westeurope",
            "sku": {
                "name": "Basic",
                "tier": "Regional"
            },
            "properties": {
                "publicIPAddressVersion": "IPv4",
                "publicIPAllocationMethod": "Dynamic",
                "idleTimeoutInMinutes": 4,
                "ipTags": []
            }
        },
        {
            "type": "Microsoft.Network/networkSecurityGroups/securityRules",
            "apiVersion": "2022-09-01",
            "name": "[concat(parameters('networkSecurityGroups_msdocs_nsg_frontend_132753213_name'), '/Allow-HTTP-All')]",
            "dependsOn": [
                "[resourceId('Microsoft.Network/networkSecurityGroups', parameters('networkSecurityGroups_msdocs_nsg_frontend_132753213_name'))]"
            ],
            "properties": {
                "protocol": "Tcp",
                "sourcePortRange": "*",
                "destinationPortRange": "80",
                "sourceAddressPrefix": "Internet",
                "destinationAddressPrefix": "*",
                "access": "Allow",
                "priority": 100,
                "direction": "Inbound",
                "sourcePortRanges": [],
                "destinationPortRanges": [],
                "sourceAddressPrefixes": [],
                "destinationAddressPrefixes": []
            }
        },
        {
            "type": "Microsoft.Network/networkSecurityGroups/securityRules",
            "apiVersion": "2022-09-01",
            "name": "[concat(parameters('networkSecurityGroups_msdocs_nsg_frontend_132753213_name'), '/Allow-HTTPS-All')]",
            "dependsOn": [
                "[resourceId('Microsoft.Network/networkSecurityGroups', parameters('networkSecurityGroups_msdocs_nsg_frontend_132753213_name'))]"
            ],
            "properties": {
                "protocol": "Tcp",
                "sourcePortRange": "*",
                "destinationPortRange": "443",
                "sourceAddressPrefix": "Internet",
                "destinationAddressPrefix": "*",
                "access": "Allow",
                "priority": 200,
                "direction": "Inbound",
                "sourcePortRanges": [],
                "destinationPortRanges": [],
                "sourceAddressPrefixes": [],
                "destinationAddressPrefixes": []
            }
        },
        {
            "type": "Microsoft.Network/networkSecurityGroups/securityRules",
            "apiVersion": "2022-09-01",
            "name": "[concat(parameters('networkSecurityGroups_msdocs_nsg_backend_132753213_name'), '/Allow-MySql-FrontEnd')]",
            "dependsOn": [
                "[resourceId('Microsoft.Network/networkSecurityGroups', parameters('networkSecurityGroups_msdocs_nsg_backend_132753213_name'))]"
            ],
            "properties": {
                "protocol": "Tcp",
                "sourcePortRange": "*",
                "destinationPortRange": "3306",
                "sourceAddressPrefix": "10.0.1.0/24",
                "destinationAddressPrefix": "*",
                "access": "Allow",
                "priority": 100,
                "direction": "Inbound",
                "sourcePortRanges": [],
                "destinationPortRanges": [],
                "sourceAddressPrefixes": [],
                "destinationAddressPrefixes": []
            }
        },
        {
            "type": "Microsoft.Network/networkSecurityGroups/securityRules",
            "apiVersion": "2022-09-01",
            "name": "[concat(parameters('networkSecurityGroups_msdocs_nsg_backend_132753213_name'), '/Allow-SSH-All')]",
            "dependsOn": [
                "[resourceId('Microsoft.Network/networkSecurityGroups', parameters('networkSecurityGroups_msdocs_nsg_backend_132753213_name'))]"
            ],
            "properties": {
                "protocol": "Tcp",
                "sourcePortRange": "*",
                "destinationPortRange": "22",
                "sourceAddressPrefix": "Internet",
                "destinationAddressPrefix": "*",
                "access": "Allow",
                "priority": 200,
                "direction": "Inbound",
                "sourcePortRanges": [],
                "destinationPortRanges": [],
                "sourceAddressPrefixes": [],
                "destinationAddressPrefixes": []
            }
        },
        {
            "type": "Microsoft.Network/networkSecurityGroups/securityRules",
            "apiVersion": "2022-09-01",
            "name": "[concat(parameters('networkSecurityGroups_msdocs_nsg_frontend_132753213_name'), '/Allow-SSH-All')]",
            "dependsOn": [
                "[resourceId('Microsoft.Network/networkSecurityGroups', parameters('networkSecurityGroups_msdocs_nsg_frontend_132753213_name'))]"
            ],
            "properties": {
                "protocol": "Tcp",
                "sourcePortRange": "*",
                "destinationPortRange": "22",
                "sourceAddressPrefix": "Internet",
                "destinationAddressPrefix": "*",
                "access": "Allow",
                "priority": 300,
                "direction": "Inbound",
                "sourcePortRanges": [],
                "destinationPortRanges": [],
                "sourceAddressPrefixes": [],
                "destinationAddressPrefixes": []
            }
        },
        {
            "type": "Microsoft.Network/networkSecurityGroups/securityRules",
            "apiVersion": "2022-09-01",
            "name": "[concat(parameters('networkSecurityGroups_msdocs_nsg_backend_132753213_name'), '/Deny-Internet-All')]",
            "dependsOn": [
                "[resourceId('Microsoft.Network/networkSecurityGroups', parameters('networkSecurityGroups_msdocs_nsg_backend_132753213_name'))]"
            ],
            "properties": {
                "protocol": "Tcp",
                "sourcePortRange": "*",
                "destinationPortRange": "*",
                "sourceAddressPrefix": "*",
                "destinationAddressPrefix": "*",
                "access": "Deny",
                "priority": 300,
                "direction": "Outbound",
                "sourcePortRanges": [],
                "destinationPortRanges": [],
                "sourceAddressPrefixes": [],
                "destinationAddressPrefixes": []
            }
        },
        {
            "type": "Microsoft.Network/virtualNetworks/subnets",
            "apiVersion": "2022-09-01",
            "name": "[concat(parameters('virtualNetworks_msdocs_vNet_132753213_name'), '/msdocs-backend-subnet-132753213')]",
            "dependsOn": [
                "[resourceId('Microsoft.Network/virtualNetworks', parameters('virtualNetworks_msdocs_vNet_132753213_name'))]",
                "[resourceId('Microsoft.Network/networkSecurityGroups', parameters('networkSecurityGroups_msdocs_nsg_backend_132753213_name'))]"
            ],
            "properties": {
                "addressPrefix": "10.0.2.0/24",
                "networkSecurityGroup": {
                    "id": "[resourceId('Microsoft.Network/networkSecurityGroups', parameters('networkSecurityGroups_msdocs_nsg_backend_132753213_name'))]"
                },
                "delegations": [],
                "privateEndpointNetworkPolicies": "Disabled",
                "privateLinkServiceNetworkPolicies": "Enabled"
            }
        },
        {
            "type": "Microsoft.Network/virtualNetworks/subnets",
            "apiVersion": "2022-09-01",
            "name": "[concat(parameters('virtualNetworks_msdocs_vNet_132753213_name'), '/msdocs-frontend-subnet-132753213')]",
            "dependsOn": [
                "[resourceId('Microsoft.Network/virtualNetworks', parameters('virtualNetworks_msdocs_vNet_132753213_name'))]",
                "[resourceId('Microsoft.Network/networkSecurityGroups', parameters('networkSecurityGroups_msdocs_nsg_frontend_132753213_name'))]"
            ],
            "properties": {
                "addressPrefix": "10.0.1.0/24",
                "networkSecurityGroup": {
                    "id": "[resourceId('Microsoft.Network/networkSecurityGroups', parameters('networkSecurityGroups_msdocs_nsg_frontend_132753213_name'))]"
                },
                "delegations": [],
                "privateEndpointNetworkPolicies": "Disabled",
                "privateLinkServiceNetworkPolicies": "Enabled"
            }
        },
        {
            "type": "Microsoft.Network/networkInterfaces",
            "apiVersion": "2022-09-01",
            "name": "[parameters('networkInterfaces_msdocs_nic_sql_132753213_name')]",
            "location": "westeurope",
            "dependsOn": [
                "[resourceId('Microsoft.Network/publicIPAddresses', parameters('publicIPAddresses_msdocs_public_ip_sql_132753213_name'))]",
                "[resourceId('Microsoft.Network/virtualNetworks/subnets', parameters('virtualNetworks_msdocs_vNet_132753213_name'), 'msdocs-backend-subnet-132753213')]",
                "[resourceId('Microsoft.Network/networkSecurityGroups', parameters('networkSecurityGroups_msdocs_nsg_backend_132753213_name'))]"
            ],
            "kind": "Regular",
            "properties": {
                "ipConfigurations": [
                    {
                        "name": "ipconfig1",
                        "id": "[concat(resourceId('Microsoft.Network/networkInterfaces', parameters('networkInterfaces_msdocs_nic_sql_132753213_name')), '/ipConfigurations/ipconfig1')]",
                        "etag": "W/\"ca89cd69-b0e0-49d6-ad5b-6b6a2542ff85\"",
                        "type": "Microsoft.Network/networkInterfaces/ipConfigurations",
                        "properties": {
                            "provisioningState": "Succeeded",
                            "privateIPAddress": "10.0.2.4",
                            "privateIPAllocationMethod": "Dynamic",
                            "publicIPAddress": {
                                "id": "[resourceId('Microsoft.Network/publicIPAddresses', parameters('publicIPAddresses_msdocs_public_ip_sql_132753213_name'))]"
                            },
                            "subnet": {
                                "id": "[resourceId('Microsoft.Network/virtualNetworks/subnets', parameters('virtualNetworks_msdocs_vNet_132753213_name'), 'msdocs-backend-subnet-132753213')]"
                            },
                            "primary": true,
                            "privateIPAddressVersion": "IPv4"
                        }
                    }
                ],
                "dnsSettings": {
                    "dnsServers": []
                },
                "enableAcceleratedNetworking": false,
                "enableIPForwarding": false,
                "disableTcpStateTracking": false,
                "networkSecurityGroup": {
                    "id": "[resourceId('Microsoft.Network/networkSecurityGroups', parameters('networkSecurityGroups_msdocs_nsg_backend_132753213_name'))]"
                },
                "nicType": "Standard"
            }
        },
        {
            "type": "Microsoft.Network/networkInterfaces",
            "apiVersion": "2022-09-01",
            "name": "[parameters('networkInterfaces_msdocs_nic_web_132753213_name')]",
            "location": "westeurope",
            "dependsOn": [
                "[resourceId('Microsoft.Network/publicIPAddresses', parameters('publicIPAddresses_msdocs_public_ip_web_132753213_name'))]",
                "[resourceId('Microsoft.Network/virtualNetworks/subnets', parameters('virtualNetworks_msdocs_vNet_132753213_name'), 'msdocs-frontend-subnet-132753213')]",
                "[resourceId('Microsoft.Network/networkSecurityGroups', parameters('networkSecurityGroups_msdocs_nsg_frontend_132753213_name'))]"
            ],
            "kind": "Regular",
            "properties": {
                "ipConfigurations": [
                    {
                        "name": "ipconfig1",
                        "id": "[concat(resourceId('Microsoft.Network/networkInterfaces', parameters('networkInterfaces_msdocs_nic_web_132753213_name')), '/ipConfigurations/ipconfig1')]",
                        "etag": "W/\"c4160539-8c7e-448d-aaea-eb9f512b80b5\"",
                        "type": "Microsoft.Network/networkInterfaces/ipConfigurations",
                        "properties": {
                            "provisioningState": "Succeeded",
                            "privateIPAddress": "10.0.1.4",
                            "privateIPAllocationMethod": "Dynamic",
                            "publicIPAddress": {
                                "id": "[resourceId('Microsoft.Network/publicIPAddresses', parameters('publicIPAddresses_msdocs_public_ip_web_132753213_name'))]"
                            },
                            "subnet": {
                                "id": "[resourceId('Microsoft.Network/virtualNetworks/subnets', parameters('virtualNetworks_msdocs_vNet_132753213_name'), 'msdocs-frontend-subnet-132753213')]"
                            },
                            "primary": true,
                            "privateIPAddressVersion": "IPv4"
                        }
                    }
                ],
                "dnsSettings": {
                    "dnsServers": []
                },
                "enableAcceleratedNetworking": false,
                "enableIPForwarding": false,
                "disableTcpStateTracking": false,
                "networkSecurityGroup": {
                    "id": "[resourceId('Microsoft.Network/networkSecurityGroups', parameters('networkSecurityGroups_msdocs_nsg_frontend_132753213_name'))]"
                },
                "nicType": "Standard"
            }
        },
        {
            "type": "Microsoft.Network/networkSecurityGroups",
            "apiVersion": "2022-09-01",
            "name": "[parameters('networkSecurityGroups_msdocs_nsg_backend_132753213_name')]",
            "location": "westeurope",
            "dependsOn": [
                "[resourceId('Microsoft.Network/networkSecurityGroups/securityRules', parameters('networkSecurityGroups_msdocs_nsg_backend_132753213_name'), 'Allow-MySql-FrontEnd')]",
                "[resourceId('Microsoft.Network/networkSecurityGroups/securityRules', parameters('networkSecurityGroups_msdocs_nsg_backend_132753213_name'), 'Allow-SSH-All')]",
                "[resourceId('Microsoft.Network/networkSecurityGroups/securityRules', parameters('networkSecurityGroups_msdocs_nsg_backend_132753213_name'), 'Deny-Internet-All')]"
            ],
            "properties": {
                "securityRules": [
                    {
                        "name": "Allow-MySql-FrontEnd",
                        "id": "[resourceId('Microsoft.Network/networkSecurityGroups/securityRules', parameters('networkSecurityGroups_msdocs_nsg_backend_132753213_name'), 'Allow-MySql-FrontEnd')]",
                        "type": "Microsoft.Network/networkSecurityGroups/securityRules",
                        "properties": {
                            "protocol": "Tcp",
                            "sourcePortRange": "*",
                            "destinationPortRange": "3306",
                            "sourceAddressPrefix": "10.0.1.0/24",
                            "destinationAddressPrefix": "*",
                            "access": "Allow",
                            "priority": 100,
                            "direction": "Inbound",
                            "sourcePortRanges": [],
                            "destinationPortRanges": [],
                            "sourceAddressPrefixes": [],
                            "destinationAddressPrefixes": []
                        }
                    },
                    {
                        "name": "Allow-SSH-All",
                        "id": "[resourceId('Microsoft.Network/networkSecurityGroups/securityRules', parameters('networkSecurityGroups_msdocs_nsg_backend_132753213_name'), 'Allow-SSH-All')]",
                        "type": "Microsoft.Network/networkSecurityGroups/securityRules",
                        "properties": {
                            "protocol": "Tcp",
                            "sourcePortRange": "*",
                            "destinationPortRange": "22",
                            "sourceAddressPrefix": "Internet",
                            "destinationAddressPrefix": "*",
                            "access": "Allow",
                            "priority": 200,
                            "direction": "Inbound",
                            "sourcePortRanges": [],
                            "destinationPortRanges": [],
                            "sourceAddressPrefixes": [],
                            "destinationAddressPrefixes": []
                        }
                    },
                    {
                        "name": "Deny-Internet-All",
                        "id": "[resourceId('Microsoft.Network/networkSecurityGroups/securityRules', parameters('networkSecurityGroups_msdocs_nsg_backend_132753213_name'), 'Deny-Internet-All')]",
                        "type": "Microsoft.Network/networkSecurityGroups/securityRules",
                        "properties": {
                            "protocol": "Tcp",
                            "sourcePortRange": "*",
                            "destinationPortRange": "*",
                            "sourceAddressPrefix": "*",
                            "destinationAddressPrefix": "*",
                            "access": "Deny",
                            "priority": 300,
                            "direction": "Outbound",
                            "sourcePortRanges": [],
                            "destinationPortRanges": [],
                            "sourceAddressPrefixes": [],
                            "destinationAddressPrefixes": []
                        }
                    }
                ]
            }
        },
        {
            "type": "Microsoft.Network/networkSecurityGroups",
            "apiVersion": "2022-09-01",
            "name": "[parameters('networkSecurityGroups_msdocs_nsg_frontend_132753213_name')]",
            "location": "westeurope",
            "dependsOn": [
                "[resourceId('Microsoft.Network/networkSecurityGroups/securityRules', parameters('networkSecurityGroups_msdocs_nsg_frontend_132753213_name'), 'Allow-HTTP-All')]",
                "[resourceId('Microsoft.Network/networkSecurityGroups/securityRules', parameters('networkSecurityGroups_msdocs_nsg_frontend_132753213_name'), 'Allow-HTTPS-All')]",
                "[resourceId('Microsoft.Network/networkSecurityGroups/securityRules', parameters('networkSecurityGroups_msdocs_nsg_frontend_132753213_name'), 'Allow-SSH-All')]"
            ],
            "properties": {
                "securityRules": [
                    {
                        "name": "Allow-HTTP-All",
                        "id": "[resourceId('Microsoft.Network/networkSecurityGroups/securityRules', parameters('networkSecurityGroups_msdocs_nsg_frontend_132753213_name'), 'Allow-HTTP-All')]",
                        "type": "Microsoft.Network/networkSecurityGroups/securityRules",
                        "properties": {
                            "protocol": "Tcp",
                            "sourcePortRange": "*",
                            "destinationPortRange": "80",
                            "sourceAddressPrefix": "Internet",
                            "destinationAddressPrefix": "*",
                            "access": "Allow",
                            "priority": 100,
                            "direction": "Inbound",
                            "sourcePortRanges": [],
                            "destinationPortRanges": [],
                            "sourceAddressPrefixes": [],
                            "destinationAddressPrefixes": []
                        }
                    },
                    {
                        "name": "Allow-HTTPS-All",
                        "id": "[resourceId('Microsoft.Network/networkSecurityGroups/securityRules', parameters('networkSecurityGroups_msdocs_nsg_frontend_132753213_name'), 'Allow-HTTPS-All')]",
                        "type": "Microsoft.Network/networkSecurityGroups/securityRules",
                        "properties": {
                            "protocol": "Tcp",
                            "sourcePortRange": "*",
                            "destinationPortRange": "443",
                            "sourceAddressPrefix": "Internet",
                            "destinationAddressPrefix": "*",
                            "access": "Allow",
                            "priority": 200,
                            "direction": "Inbound",
                            "sourcePortRanges": [],
                            "destinationPortRanges": [],
                            "sourceAddressPrefixes": [],
                            "destinationAddressPrefixes": []
                        }
                    },
                    {
                        "name": "Allow-SSH-All",
                        "id": "[resourceId('Microsoft.Network/networkSecurityGroups/securityRules', parameters('networkSecurityGroups_msdocs_nsg_frontend_132753213_name'), 'Allow-SSH-All')]",
                        "type": "Microsoft.Network/networkSecurityGroups/securityRules",
                        "properties": {
                            "protocol": "Tcp",
                            "sourcePortRange": "*",
                            "destinationPortRange": "22",
                            "sourceAddressPrefix": "Internet",
                            "destinationAddressPrefix": "*",
                            "access": "Allow",
                            "priority": 300,
                            "direction": "Inbound",
                            "sourcePortRanges": [],
                            "destinationPortRanges": [],
                            "sourceAddressPrefixes": [],
                            "destinationAddressPrefixes": []
                        }
                    }
                ]
            }
        },
        {
            "type": "Microsoft.Network/virtualNetworks",
            "apiVersion": "2022-09-01",
            "name": "[parameters('virtualNetworks_msdocs_vNet_132753213_name')]",
            "location": "westeurope",
            "dependsOn": [
                "[resourceId('Microsoft.Network/virtualNetworks/subnets', parameters('virtualNetworks_msdocs_vNet_132753213_name'), 'msdocs-frontend-subnet-132753213')]",
                "[resourceId('Microsoft.Network/networkSecurityGroups', parameters('networkSecurityGroups_msdocs_nsg_frontend_132753213_name'))]",
                "[resourceId('Microsoft.Network/virtualNetworks/subnets', parameters('virtualNetworks_msdocs_vNet_132753213_name'), 'msdocs-backend-subnet-132753213')]",
                "[resourceId('Microsoft.Network/networkSecurityGroups', parameters('networkSecurityGroups_msdocs_nsg_backend_132753213_name'))]"
            ],
            "properties": {
                "addressSpace": {
                    "addressPrefixes": [
                        "10.0.0.0/16"
                    ]
                },
                "subnets": [
                    {
                        "name": "msdocs-frontend-subnet-132753213",
                        "id": "[resourceId('Microsoft.Network/virtualNetworks/subnets', parameters('virtualNetworks_msdocs_vNet_132753213_name'), 'msdocs-frontend-subnet-132753213')]",
                        "properties": {
                            "addressPrefix": "10.0.1.0/24",
                            "networkSecurityGroup": {
                                "id": "[resourceId('Microsoft.Network/networkSecurityGroups', parameters('networkSecurityGroups_msdocs_nsg_frontend_132753213_name'))]"
                            },
                            "delegations": [],
                            "privateEndpointNetworkPolicies": "Disabled",
                            "privateLinkServiceNetworkPolicies": "Enabled"
                        },
                        "type": "Microsoft.Network/virtualNetworks/subnets"
                    },
                    {
                        "name": "msdocs-backend-subnet-132753213",
                        "id": "[resourceId('Microsoft.Network/virtualNetworks/subnets', parameters('virtualNetworks_msdocs_vNet_132753213_name'), 'msdocs-backend-subnet-132753213')]",
                        "properties": {
                            "addressPrefix": "10.0.2.0/24",
                            "networkSecurityGroup": {
                                "id": "[resourceId('Microsoft.Network/networkSecurityGroups', parameters('networkSecurityGroups_msdocs_nsg_backend_132753213_name'))]"
                            },
                            "delegations": [],
                            "privateEndpointNetworkPolicies": "Disabled",
                            "privateLinkServiceNetworkPolicies": "Enabled"
                        },
                        "type": "Microsoft.Network/virtualNetworks/subnets"
                    }
                ],
                "virtualNetworkPeerings": [],
                "enableDdosProtection": false
            }
        }
    ]
}